키워드,월검색량,출처
요양원설립조건,1550,키워드도구+자동완성
닥터론,450,키워드도구+자동완성
요양원창업,410,키워드도구+자동완성
노인요양원설립조건,230,키워드도구
메디칼론,150,키워드도구+자동완성
약국개설,80,키워드도구+자동완성
의대생대출,70,키워드도구+자동완성
약국창업,50,키워드도구
개원대출,40,키워드도구
치과대출,35,키워드도구
병원인수,35,키워드도구
의사마이너스통장,30,키워드도구
닥터론신용대출,25,키워드도구
간호조무사대출,25,키워드도구
요양원개설,25,키워드도구+자동완성
병원창업,20,키워드도구
부산은행닥터론,20,키워드도구
치과의사대출,15,키워드도구+자동완성
전문의대출,15,키워드도구+자동완성
한의원창업,15,키워드도구
병원투자,15,키워드도구
요양병원창업,15,키워드도구
동물병원창업,15,키워드도구
병원개설,15,키워드도구+자동완성
인턴대출,15,키워드도구+자동완성
한약사대출,15,키워드도구
병원운영자금대출,15,키워드도구
병원사업자대출,15,키워드도구
요양원담보대출,10,키워드도구
메디컬론,10,키워드도구
의료기기담보대출,10,키워드도구
병원담보대출,10,키워드도구
개원의대출,10,키워드도구+자동완성
병의원대출,10,키워드도구
전공의대출,10,키워드도구
요양병원대출,10,키워드도구
의료법인대출,10,키워드도구
병원개원대출,10,키워드도구
개원자금,10,키워드도구
의원대출,10,키워드도구
메디컬대출,10,키워드도구
약국투자,10,키워드도구+자동완성
피부과창업,10,키워드도구
개원자금대출,10,키워드도구
치과개원자금,10,키워드도구
한의원개원자금,10,키워드도구
약국개원자금,10,키워드도구
병원인수자금,10,키워드도구
약국인수자금,10,키워드도구
의원인수,10,키워드도구
인수개원,10,키워드도구
병원창업컨설팅,10,키워드도구
의료법인인수,10,키워드도구
의사아파트담보대출,10,키워드도구
의사주택담보대출,10,키워드도구
레지던트대출,10,키워드도구
공보의대출,10,키워드도구
물리치료사대출,10,키워드도구
방사선사대출,10,키워드도구
임상병리사대출,10,키워드도구
치위생사대출,10,키워드도구
동물병원대출,10,키워드도구
약국담보대출,10,키워드도구
의료기기대출,10,키워드도구
병원시설자금,10,키워드도구
요양병원인수,10,키워드도구
정신과대출,10,키워드도구
성형외과대출,10,키워드도구
피부과대출,10,키워드도구
안과대출,10,키워드도구
정형외과대출,10,키워드도구
산부인과대출,10,키워드도구
소아과대출,10,키워드도구
내과대출,10,키워드도구
이비인후과대출,10,키워드도구
약국사업자대출,10,키워드도구
의사사업자대출,10,키워드도구
병원신용대출,10,키워드도구
요양원창업컨설팅,10,키워드도구
의사대환대출,10,키워드도구
약사대환대출,10,키워드도구
병원세금대출,10,키워드도구
의사연금담보대출,10,키워드도구
의사퇴직금담보,10,키워드도구
약사론,10,키워드도구
병원론,10,키워드도구
의료대출,10,키워드도구
비의료대출,10,키워드도구
의사고액대출,10,키워드도구
프리랜서의사대출,10,키워드도구
병원투자세액공제,,자동완성
병원개설신고,,자동완성
병원개설등록증,,자동완성
병원개설자확인방법,,자동완성
병원창업비용,,자동완성
의사대출한도,,자동완성
의사대출상품,,자동완성
의사신용대출비교,,자동완성
의사신용대출한도,,자동완성
의사운영자금대출,,자동완성
의원개설신고,,자동완성
의원개설허가방법,,자동완성
의원개설방법,,자동완성
병의원개설신고,,자동완성
병의원인수,,자동완성
약국개설등록증,,자동완성
약국개설허가증,,자동완성
약국개설허가조건,,자동완성
약국개설신고절차,,자동완성
약국개설절차,,자동완성
약국개설하는방법,,자동완성
약국창업비용,,자동완성
약국창업방법,,자동완성
약사대출한도,,자동완성
약사신용대출한도,,자동완성
약사마이너스통장,,자동완성
치과인수,,자동완성
한의사대출한도,,자동완성
한약사개설약국,,자동완성
의료대출신청방법,,자동완성
의료인신용대출,,자동완성
의료기기리스구조,,자동완성
의료기기창업하는법,,자동완성
의료법인설립조건,,자동완성
신한은행닥터론,,자동완성
닥터론한도,,자동완성
닥터론금리,,자동완성
닥터론dsr,,자동완성
닥터론연장,,자동완성
닥터론주담대,,자동완성
닥터리스,,자동완성
전문의마이너스통장,,자동완성
수의사대출상담,,자동완성
동물병원창업비용,,자동완성
간호사대출한도,,자동완성
간호사대출상품,,자동완성
간호사대출금리,,자동완성
간호사마이너스통장,,자동완성
간호사창업,,자동완성
요양병원개설자격조건,,자동완성
요양병원개설,,자동완성
요양병원창업자격방법,,자동완성
요양원대출은행,,자동완성
요양원대출한도,,자동완성
요양원대출방법,,자동완성
요양원개설자격,,자동완성
요양원개설방법,,자동완성
요양원창업조건,,자동완성
요양원창업비용,,자동완성
요양원창업자격,,자동완성
요양원창업수익,,자동완성
요양원창업지원금,,자동완성
요양원창업책,,자동완성
요양원창업자격방법,,자동완성
요양원창업대출,,자동완성
의대생대출한도,,자동완성
의대생마이너스통장,,자동완성
바이오투자,,자동완성
바이오투자종목,,자동완성
바이오창업부트캠프,,자동완성
요양보호사대출한도,,자동완성